{"_step":19,"accuracy":0.9067000150680542,"learning_rate":0.001215766545905694,"_timestamp":1.7276570337021732e+09,"_runtime":182.7885101,"_wandb":{"runtime":182}}