{"learning_rate":0.005314410000000002,"_timestamp":1.7288714792884877e+09,"_runtime":52.5305348,"_step":10,"accuracy val":0.8788889050483704,"_wandb":{"runtime":52},"accuracy train":0.8916000127792358}