{"_step":54,"accuracy":0.9128999710083008,"learning_rate":3.0432527221704597e-05,"_timestamp":1.7283404378962684e+09,"_wandb":{"runtime":481},"_runtime":481.4510925}