{"accuracy":0.9097999930381775,"_wandb":{"runtime":124},"learning_rate":0.0020589113209464917,"_timestamp":1.7283393094266295e+09,"_runtime":124.5739476,"_step":14}