{"accuracy train":0.8561999797821045,"learning_rate":0.008100000000000001,"_timestamp":1.7288711902758749e+09,"_runtime":15.2387085,"_step":1,"_wandb":{"runtime":19}}