{"_step":19,"accuracy":0.9053999781608582,"learning_rate":0.001215766545905694,"_wandb":{"runtime":145},"_timestamp":1.7283284881785913e+09,"_runtime":145.0918802}