{"_timestamp":1.7288717603743622e+09,"accuracy val":0.8953333497047424,"_wandb":{"runtime":99},"_runtime":99.7663838,"_step":19,"accuracy train":0.8996000289916992,"learning_rate":0.003486784401000002}