{"accuracy val":0.8731111288070679,"_wandb":{"runtime":44},"learning_rate":0.006561000000000002,"_timestamp":1.7288716384305987e+09,"_runtime":37.9133599,"_step":7,"accuracy train":0.8815000057220459}