{"_wandb":{"runtime":306},"_timestamp":1.7283399422425475e+09,"_runtime":306.5288155,"_step":34,"accuracy":0.9133999943733215,"learning_rate":0.0002503155504993245}